Nom;Niveau;Commune;CP;Adresse;Statut;Lits;Salles travail;Activité totale
CH MAMOUDZOU;3;MAMOUDZOU;97600;R DE L'HOPITAL;PUBLIC;155;14;7881
GROUPE HOSPITALIER PELLEGRIN - CHU;3;BORDEAUX;33076;PL AMELIE RABA LEON;PUBLIC;81;13;5459
GHU APHP CUP SITE COCHIN PORT ROYAL;3;PARIS 14E ARRONDISSEMENT;75679;27 R DU FAUBOURG SAINT JACQUES;PUBLIC;97;13;4885
HOPITAUX MERE & ENFANTS CHU TOULOUSE;3;TOULOUSE;31059;330 AV DE GRANDE BRETAGNE;PUBLIC;104;10;4820
HOP JEANNE DE FLANDRE CHU LILLE;3;LILLE;59037;AV EUGÈNE AVINÉE;PUBLIC;99;9;4798
HOPITAL SAINT JOSEPH;2b;MARSEILLE 8E ARRONDISSEMENT;13008;26 BD DE LOUVAIN;PRIVE NON LUCRATIF;72;10;4593
CH SUD FRANCILIEN SITE JEAN JAURES;3;CORBEIL ESSONNES;91106;40 AV SERGE DASSAULT;PUBLIC;86;10;4468
CHRU ORLEANS - HOPITAL DE LA SOURCE;3;ORLEANS;45067;14 AV DE L'HOPITAL;PUBLIC;80;8;4246
HOPITAL FEMME MERE ENFANT - HCL;3;BRON;69677;59 BD PINEL;PUBLIC;95;8;4170
HOPITAL CROIX-ROUSSE - HCL;3;LYON 4E ARRONDISSEMENT;69317;103 GR DE LA CROIX ROUSSE;PUBLIC;77;7;4073
CHU DE NANTES SITE HOTEL DIEU HME;3;NANTES;44093;1 PL ALEXIS RICORDEAU;PUBLIC;72;12;4009
CHI POISSY ST GERMAIN SITE DE POISSY;3;POISSY;78303;10 R DU CHAMP GAILLARD;PUBLIC;70;8;4005
CH NOVO SITE RENE DUBOS;3;PONTOISE;95300;6 AV DE L ILE DE FRANCE;PUBLIC;79;8;3999
HOPITAL ARNAUD DE VILLENEUVE CHU MPT;3;MONTPELLIER;34295;371 AV DU DOYEN GASTON GIRAUD;PUBLIC;74;9;3743
CH GENERAL DELAFONTAINE;3;SAINT DENIS;93205;2 R DU DR DELAFONTAINE;PUBLIC;83;7;3702
CHRU RENNES SITE HOPITAL SUD;3;RENNES;35000;16 BD DE BULGARIE;PUBLIC;73;12;3694
CHR ANGERS SITE LARREY;3;ANGERS;49933;4 R LARREY;PUBLIC;73;11;3689
CHRU BRETONNEAU - TOURS;3;TOURS;37044;2 BD TONNELLE;PUBLIC;66;7;3520
CLINIQUE MUTUALISTE DE LA SAGESSE;2a;RENNES;35043;4 PL ST GUENOLE;PRIVE NON LUCRATIF;59;10;3510
GHU APHP UPS SITE KREMLIN BICETRE APHP;3;LE KREMLIN BICETRE;94275;78 AV DU GENERAL LECLERC;PUBLIC;61;9;3470
GHU APHP SUN SITE TROUSSEAU;3;PARIS 12E ARRONDISSEMENT;75571;26 AV DU DR ARNOLD NETTER;PUBLIC;69;8;3466
LES HOPITAUX DE SAINT MAURICE;2a;SAINT MAURICE;94410;12 R DU VAL D OSNE;PUBLIC;48;5;3461
GHU APHP UPS SITE ANTOINE BECLERE;3;CLAMART;92140;157 R DE LA PTE DE TRIVAUX;PUBLIC;68;7;3457
HOPITAL ESTAING - CHU63;3;CLERMONT FERRAND;63003;1 PL LUCIE AUBRAC;PUBLIC;71;9;3448
CL RIVE GAUCHE TOULOUSE;2a;TOULOUSE;31076;49 ALL CHARLES DE FITTE;PRIVE LUCRATIF;70;12;3442
CHI ANDRE GREGOIRE;3;MONTREUIL;93100;56 BD DE LA BOISSIERE;PUBLIC;51;7;3366
GHEF MARNE LA VALLEE SITE JOSSIGNY;2b;JOSSIGNY;77600;2 CRS DE LA GONDOIRE;PUBLIC;42;7;3362
CENTRE HOSPITALIER DU MANS;3;LE MANS;72037;194 AV RUBILLARD;PUBLIC;62;9;3356
HOPITAL FOCH;2b;SURESNES;92151;40 R WORTH;PRIVE NON LUCRATIF;45;9;3354
CHU SITE SUD (SAINT PIERRE);3;SAINT PIERRE;97410;AV FRANCOIS MITTERRAND;PUBLIC;77;8;3343
CH DE MELUN SITE SANTEPOLE;2b;MELUN;77000;270 AV MARC JACQUET;PUBLIC;52;7;3327
HOPITAL EMILE MULLER;3;MULHOUSE;68051;20 R DU DR LAENNEC;PUBLIC;70;7;3275
GHEM SIMONE VEIL SITE EAUBONNE;2b;EAUBONNE;95602;14 R DE SAINT PRIX;PUBLIC;40;7;3265
SANTE ATLANTIQUE;2a;SAINT HERBLAIN;44800;AV CLAUDE BERNARD;PRIVE LUCRATIF;70;12;3254
CHI ROBERT BALLANGER;2b;AULNAY SOUS BOIS;93602;BD ROBERT BALLANGER;PUBLIC;44;7;3213
CHU DE NICE HOPITAL DE L'ARCHET;3;NICE;06202;151 RTE SAINT ANTOINE DE GINESTIERE;PUBLIC;59;9;3210
CH VALENCIENNES;3;VALENCIENNES;59322;114 AV DESANDROUINS;PUBLIC;45;7;3193
CHU CAEN;3;CAEN;14033;AV COTE DE NACRE;PUBLIC;72;8;3167
CLINIQUE MUTUALISTE JULES VERNE;2a;NANTES;44314;2 RTE DE PARIS;PRIVE NON LUCRATIF;49;9;3146
GHU APHP NUP SITE LOUIS MOURIER;3;COLOMBES;92701;178 R DES RENOUILLIERS;PUBLIC;48;7;3123
CHI LUCIE ET RAYMOND AUBRAC;2b;VILLENEUVE SAINT GEORGES;94195;40 ALL DE LA SOURCE;PUBLIC;54;7;3112
CH DE VERSAILLES SITE ANDRE MIGNOT;2b;LE CHESNAY ROCQUENCOURT;78157;177 R DE VERSAILLES;PUBLIC;44;7;3109
CH VICTOR DUPOUY;3;ARGENTEUIL;95107;69 R DU LT COLONEL PRUD HON;PUBLIC;43;8;3067
HOPITAL PIERRE ROUQUES LES BLUETS;2a;PARIS 12E ARRONDISSEMENT;75571;4 R LASSON;PRIVE NON LUCRATIF;48;8;3041
CENTRE HOSPITALIER DE CAYENNE;3;CAYENNE;97306;AV ALEXIS BLAISE;PUBLIC;105;8;3035
GHU CUP SITE NECKER ENFANTS MALADES;3;PARIS 15E ARRONDISSEMENT;75743;149 R DE SEVRES;PUBLIC;45;6;3004
HOPITAL DE MERCY - CHR METZ THIONVILLE;2b;ARS LAQUENEXY;57085;1 ALL DU CHATEAU;PUBLIC;60;7;2953
CENTRE HOSPITALIER  FRANCK-JOLY;2b;SAINT LAURENT DU MARONI;97320;1465 BD DE LA LIBERTE;PUBLIC;57;6;2949
HOPITAL VICTOR PROVO;2b;ROUBAIX;59056;11 BD LACORDAIRE;PUBLIC;57;7;2944
CHMS - SITE CHAMBERY MCO;3;CHAMBERY;73011;PL LUCIEN BISET;PUBLIC;62;7;2942
CHITS CH SAINTE MUSSE;2b;TOULON;83056;54 R HENRI SAINTE CLAIRE DEVILLE;PUBLIC;42;6;2927
HOPITAL LE BOCAGE CHRU DIJON;3;DIJON;21079;1 BD JEANNE D ARC;PUBLIC;64;8;2921
CH D'AVIGNON HENRI DUFFAUT;2b;AVIGNON;84902;305 R RAOUL FOLLEREAU;PUBLIC;58;8;2888
MATERNITE SAINTE FELICITE;2a;PARIS 15E ARRONDISSEMENT;75015;6 R CASABLANCA;PRIVE NON LUCRATIF;56;11;2871
HOPITAL NORD - CHU42;3;SAINT PRIEST EN JAREZ;42277;AV ALBERT RAIMOND;PUBLIC;60;11;2853
CH DE MEAUX SITE SAINT FARON;3;MEAUX;77100;6 R SAINT FIACRE;PUBLIC;48;6;2822
GH PARIS SITE SAINT JOSEPH;2b;PARIS 14E ARRONDISSEMENT;75674;185 R RAYMOND LOSSERAND;PRIVE NON LUCRATIF;51;9;2812
CHRU NANCY - MATERNITE;3;NANCY;54042;10 R DU DR HEYDENREICH;PUBLIC;62;7;2804
POLYCL ST ROCH MONTPELLIER;2a;MONTPELLIER;34075;560 AV DU COLONEL ANDRE PAVELET;PRIVE LUCRATIF;62;8;2773
HOPITAL JACQUES MONOD CH LE HAVRE;3;MONTIVILLIERS;76290;29 R P MENDES FRANCE;PUBLIC;53;7;2765
CHI DE CRETEIL;3;CRETEIL;94010;40 AV DE VERDUN;PUBLIC;61;9;2755
GHU APHP NUP SITE ROBERT DEBRE;3;PARIS 19E ARRONDISSEMENT;75019;48 BD SERURIER;PUBLIC;54;7;2733
CMCO;2a;SCHILTIGHEIM;67303;19 R LOUIS PASTEUR;PUBLIC;40;9;2689
CHU NIMES CAREMEAU;3;NIMES;30029;PL DU PROFESSEUR ROBERT DEBRE;PUBLIC;50;7;2683
CH ARRAS;3;ARRAS;62022;57 AV WINSTON CHURCHILL;PUBLIC;45;6;2653
HOPITAL DE HAUTEPIERRE;3;STRASBOURG;67200;1 AV MOLIERE;PUBLIC;56;9;2640
HOPITAL CHARLES NICOLLE CHU ROUEN;3;ROUEN;76038;1 R DE GERMONT;PUBLIC;67;6;2631
HNFC SITE TREVENANS;2b;TREVENANS;90400;100 RTE DE MOVAL;PUBLIC;44;8;2606
CHU JEAN MINJOZ BESANCON;3;BESANCON;25030;3 BD FLEMING;PUBLIC;55;7;2605
POLYCLINIQUE SANTA MARIA;2a;NICE;06200;57 AV DE LA CALIFORNIE;PRIVE LUCRATIF;57;8;2605
HOPITAL PRIVE D ANTONY;2a;ANTONY;92160;1 R VELPEAU;PRIVE LUCRATIF;45;11;2599
CH GENERAL DE GONESSE;2b;GONESSE;95503;2 BD DU 19 MARS 1962;PUBLIC;43;6;2575
APHM HOPITAL DE LA CONCEPTION;3;MARSEILLE 5E ARRONDISSEMENT;13005;147 BD BAILLE;PUBLIC;51;5;2566
CH ANNECY-GENEVOIS SITE ANNECY;2b;EPAGNY METZ TESSY;74370;1 AV DE L'HOPITAL;PUBLIC;50;7;2557
CH DU BELVEDERE;2a;MONT SAINT AIGNAN;76131;72 R LOUIS PASTEUR;PUBLIC;37;8;2544
HOPITAL NORD - CHU38;3;LA TRONCHE;38700;BD DE LA CHANTOURNE;PUBLIC;62;6;2539
HOPITAL DES DIACONESSES;1;PARIS 12E ARRONDISSEMENT;75571;12 R DU SERGENT BAUCHAT;PRIVE NON LUCRATIF;36;6;2502
HOPITAL JOSEPH DUCUING TOULOUSE;2a;TOULOUSE;31076;15 R DE VARSOVIE;PRIVE NON LUCRATIF;37;6;2493
CHU AMIENS SUD;3;AMIENS;80054;1 RPT PROFESSEUR CHRISTIAN CABROL;PUBLIC;44;6;2471
CH GHPSO SENLIS;3;SENLIS;60309;14 AV PAUL ROUGÉ;PUBLIC;42;8;2459
CHD SITE LA ROCHE SUR YON;2b;LA ROCHE SUR YON;85925;BD STEPHANE MOREAU;PUBLIC;52;6;2434
MATERNITE CATHOLIQUE PROVENCE L'ETOILE;2a;AIX EN PROVENCE;13080;RTE DEPARTEMENTALE 14;PRIVE NON LUCRATIF;36;7;2414
CH LENS;3;LENS;62307;99 RTE DE LA BASSEE;PUBLIC;46;6;2408
CHU LA MILETRIE;3;POITIERS;86021;2 R DE LA MILETRIE;PUBLIC;53;5;2362
CHU SITE FELIX GUYON (SAINT DENIS);3;SAINT DENIS;97405;ALL DES TOPAZES;PUBLIC;47;5;2362
CH DES QUATRE VILLES SITE ST CLOUD;2a;SAINT CLOUD;92210;3 PL SILLY;PUBLIC;52;7;2356
CH DE VALENCE;2b;VALENCE;26953;179 BD MARECHAL JUIN;PUBLIC;41;6;2355
POLYCLIN BORDEAUX-NORD AQUITAINE;2a;BORDEAUX;33077;33 R DU DOCTEUR FINLAY;PRIVE LUCRATIF;47;7;2337
APHM HOPITAL NORD;3;MARSEILLE 15E ARRONDISSEMENT;13015;CHE DES BOURRELY;PUBLIC;48;5;2324
HOPITAL DE LA MERE ET DE L'ENFANT;3;LIMOGES;87000;8 AV DOMINIQUE LARREY;PUBLIC;53;6;2301
POLYCLINIQUE REIMS - BEZANNES;2b;BEZANNES;51430;109 R LOUIS VICTOR DE BROGLIE;PRIVE LUCRATIF;52;9;2288
HOPITAL PRIVE DE LA SEINE SAINT DENIS;2b;LE BLANC MESNIL;93156;7 AV HENRI BARBUSSE;PRIVE LUCRATIF;45;6;2253
GHBS- HÔPITAL DU SCORFF;2b;LORIENT;56322;5 AV DE CHOISEUL;PUBLIC;35;7;2243
HOPITAL BEL AIR DE THIONVILLE - CHR;2b;THIONVILLE;57126;1 R DE FRISCATY;PUBLIC;36;6;2241
HOPITAL MAISON BLANCHE CHU REIMS;3;REIMS;51092;45 R COGNACQ JAY;PUBLIC;40;5;2227
CH DE SAINT NAZAIRE;2b;SAINT NAZAIRE;44606;11 BD GEORGES CHARPAK;PUBLIC;41;7;2217
CH CHARTRES LOUIS PASTEUR-LE COUDRAY;2b;LE COUDRAY;28630;8 R CLAUDE BERNARD;PUBLIC;37;6;2159
CH PERPIGNAN;3;PERPIGNAN;66046;20 AV DU LANGUEDOC;PUBLIC;44;5;2155
GHU APHP SUN SITE TENON;2a;PARIS 20E ARRONDISSEMENT;75970;4 R DE LA CHINE;PUBLIC;42;7;2144
CH DE CHOLET;2b;CHOLET;49325;1 R MARENGO;PUBLIC;30;5;2130
CH NORD OUEST - VILLEFRANCHE;2b;GLEIZE;69400;PLT D'OUILLY;PUBLIC;26;4;2111
CHU DE MARTINIQUE SITE MERE ENFANT;3;FORT DE FRANCE;97261;R DU COUP DE MAIN;PUBLIC;42;5;2108
GHU APHP NUP SITE LARIBOISIERE;2a;PARIS 10E ARRONDISSEMENT;75475;2 R AMBROISE PARE;PUBLIC;42;5;2103
CHRU BREST SITE HOPITAL MORVAN;3;BREST;29609;5 AV FOCH;PUBLIC;45;9;2102
HOPITAL PRIVE NATECIA;2b;LYON 8E ARRONDISSEMENT;69008;22 AV ROCKEFELLER;PRIVE LUCRATIF;44;8;2102
GHU APHP SUN SITE PITIE SALPETRIERE;2a;PARIS 13E ARRONDISSEMENT;75651;47 BD DE L HOPITAL;PUBLIC;33;5;2084
C.H.U. DE POINTE-A-PITRE/ABYMES;3;LES ABYMES;97139;;PUBLIC;32;4;2076
HOPITAL LYON SUD - HCL;2b;PIERRE BENITE;69310;165 CHE DU GRAND REVOYET;PUBLIC;38;5;2067
CHIC QUIMPER;2b;QUIMPER;29107;14 AV YVES THEPOT;PUBLIC;40;7;2066
CH ST JOSEPH ST LUC;1;LYON 7E ARRONDISSEMENT;69365;20 QU CLAUDE BERNARD;PRIVE NON LUCRATIF;27;6;2062
CLINIQUE MATHILDE;2a;ROUEN;76175;7 BD DE L'EUROPE;PRIVE LUCRATIF;59;8;2046
CENTRE HOSPITALIER YVES LE FOLL;3;SAINT BRIEUC;22023;10 R MARCEL PROUST;PUBLIC;34;5;2045
MSP BORDEAUX BAGATELLE;1;TALENCE;33401;201 R ROBESPIERRE;PRIVE NON LUCRATIF;41;6;2042
MEDIPOLE HOPITAL MUTUALISTE;2a;VILLEURBANNE;69100;158 R LEON BLUM;PRIVE NON LUCRATIF;26;7;2032
CH COTE BASQUE;3;BAYONNE;64109;13 AV DE L'INTERNE JACQUES LOEB;PUBLIC;35;5;2029
HP MARSEILLE BEAUREGARD VERT COTEAU;2a;MARSEILLE 12E ARRONDISSEMENT;13012;12 IMP DU LIDO;PRIVE LUCRATIF;55;8;2026
CH CALAIS;3;CALAIS;62107;1601 BD DES JUSTES;PUBLIC;42;5;2021
HOPITAL SAINT-LOUIS - LA ROCHELLE;2b;LA ROCHELLE;17019;R DU DR SCHWEITZER;PUBLIC;30;5;2014
CENTRE HOSPITALIER DE TROYES;3;TROYES;10003;101 AV ANATOLE FRANCE;PUBLIC;44;6;2011
CLINIQUE DU VAL D'OUEST VENDOME;2a;ECULLY;69130;39 CHE DE LA VERNIQUE;PRIVE LUCRATIF;44;10;2005
CH RIVES DE SEINE SITE NEUILLY S/SEINE;2b;NEUILLY SUR SEINE;92205;36 BD DU GENERAL LECLERC;PUBLIC;29;6;1981
CH FRANCOIS QUESNAY MANTES;2b;MANTES LA JOLIE;78201;2 BD SULLY;PUBLIC;36;5;1941
CHBA SITE DE VANNES;3;VANNES;56017;20 BD GENERAL MAURICE GUILLAUDOT;PUBLIC;38;5;1908
GHU APHP HU PSSD SITE JEAN VERDIER;2b;BONDY;93143;AV DU 14 JUILLET;PUBLIC;44;6;1907
INSTITUT MUTUALISTE MONTSOURIS;1;PARIS 14E ARRONDISSEMENT;75674;42 BD JOURDAN;PRIVE NON LUCRATIF;30;4;1900
CH ALPES LEMAN;2a;CONTAMINE SUR ARVE;74130;558 RTE DE FINDROL;PUBLIC;35;7;1894
CH EURE SEINE EVREUX;2b;EVREUX;27015;R LEON SCHWARTZENBERG;PUBLIC;32;5;1885
HOPITAL FRANCO BRITANNIQUE - FCJ;2a;LEVALLOIS PERRET;92309;4 R KLEBER;PRIVE NON LUCRATIF;34;8;1885
CLINIQUE VICTOR PAUCHET DE BUTLER;2a;AMIENS;80094;2 AV D'IRLANDE;PRIVE LUCRATIF;61;6;1882
POLYCL MEDITERRANEE PERPIGNAN;1;PERPIGNAN;66100;AV D'ARGELES;PRIVE LUCRATIF;45;8;1876
GHU APHP NUP SITE BICHAT C BERNARD;2b;PARIS 18E ARRONDISSEMENT;75877;46 R HENRI HUCHARD;PUBLIC;37;4;1874
GCS GHICL HOPITAL SAINT VINCENT -;2b;LILLE;59020;51 BD DE BELFORT;PRIVE LUCRATIF;31;4;1854
CH OUEST REUNION;2b;SAINT PAUL;97460;5 IMP PLAINE CHABRIER;PUBLIC;38;4;1852
HOPITAL PRIVE DE MARNE LA VALLEE;2a;BRY SUR MARNE;94360;33 R LEON MENU;PRIVE LUCRATIF;35;9;1837
HOPITAL LOUIS PASTEUR;2b;COLMAR;68024;39 AV DE LA LIBERTE;PUBLIC;43;6;1825
CENTRE HOSPITALIER DE PAU;3;PAU;64046;4 BD HAUTERIVE;PUBLIC;31;4;1817
CH BEAUVAIS;2b;BEAUVAIS;60021;40 AV LÉON BLUM;PUBLIC;29;5;1805
CH DE FLEYRIAT;2b;VIRIAT;01440;900 RTE DE PARIS;PUBLIC;28;5;1774
CENTRE HOSPITALIER DE GRASSE;2b;GRASSE;06135;CHE DE CLAVARY;PUBLIC;32;6;1772
CH PORTES PROVENCE MONTELIMAR;2a;MONTELIMAR;26216;QUA BEAUSSERET;PUBLIC;32;6;1751
PÔLE SANTÉ LÉONARD DE VINCI;2a;CHAMBRAY LES TOURS;37175;1 AV DU PROF ALEXANDRE MINKOWSKI;PRIVE LUCRATIF;45;6;1727
CLINIQUE SAINTE-ANNE;2a;STRASBOURG;67085;182 RTE DE LA WANTZENAU;PRIVE NON LUCRATIF;27;6;1704
CL CAPIO LA CROIX DU SUD QUINT FONSEGR;2a;QUINT FONSEGRIVES;31130;52 CHEMI DE RIBAUTE;PRIVE LUCRATIF;29;10;1696
CH CHARLEVILLE - HOPITAL MANCHESTER;2b;CHARLEVILLE MEZIERES;08011;45 AV DE MANCHESTER;PUBLIC;26;8;1687
CH DE MARTIGUES HOPITAL DES RAYETTES;2b;MARTIGUES;13698;3 BD DES RAYETTES;PUBLIC;32;5;1674
CH SECLIN;2a;SECLIN;59113;R D'APOLDA;PUBLIC;39;4;1653
CH DUNKERQUE;2a;DUNKERQUE;59385;130 AV LOUIS HERBEAUX;PUBLIC;25;4;1644
CENTRE HOSPITALIER DE NIORT;2b;NIORT;79021;40 AV CHARLES DE GAULLE;PUBLIC;39;11;1638
HOPITAL PRIVE ARMAND BRILLARD;2a;NOGENT SUR MARNE;94130;3 AV WATTEAU;PRIVE LUCRATIF;29;6;1625
CHP SAINT GREGOIRE;2a;SAINT GREGOIRE;35768;6 BD DE LA BOUTIERE;PRIVE LUCRATIF;43;5;1622
CTRE HOSPIT.R.BOULIN-LIBOURNE;2b;LIBOURNE;33505;112 R DE LA MARNE;PUBLIC;30;5;1609
POLYCLINIQUE MAJORELLE;2b;NANCY;54000;95 R AMBROISE PARÉ;PRIVE LUCRATIF;39;8;1608
CHI SITE D'AIX EN PROVENCE;2b;AIX EN PROVENCE;13616;AV DES TAMARIS;PUBLIC;30;6;1596
CH DE RAMBOUILLET;2a;RAMBOUILLET;78514;5 R PIERRE ET MARIE CURIE;PUBLIC;24;4;1595
GHU APHP NUP SITE BEAUJON;2a;CLICHY;92118;100 BD DU GENERAL LECLERC;PUBLIC;27;4;1577
POLYCLINIQUE DE KERAUDREN;2a;BREST;29220;R ERNESTINE DE TREMAUDAN;PRIVE LUCRATIF;34;9;1575
CL CLEMENTVILLE MONTPELLIER;2a;MONTPELLIER;34000;25 R DE CLEMENTVILLE;PRIVE LUCRATIF;38;8;1560
CH SAINT-QUENTIN;2b;SAINT QUENTIN;02321;1 R MICHEL DE L'HOSPITAL;PUBLIC;28;5;1560
GHI LE RAINCY MONTFERMEIL;2b;MONTFERMEIL;93370;10 R DU GENERAL LECLERC;PUBLIC;34;5;1556
CH LES FEUGRAIS CHI ELBEUF;2a;ELBEUF;76503;Avenue du Dr Villers;PUBLIC;30;5;1536
HOPITAL PARIS-SACLAY;2b;ORSAY;91400;1 PARVIS DE L'HOPITAL;PUBLIC;45;0;1536
CHPC - SITE CHERBOURG;3;CHERBOURG EN COTENTIN;50102;46 R DU VAL DE SAIRE;PUBLIC;27;5;1533
CLINIQUE DE L'ANJOU;2a;ANGERS;49044;9 R DE L HIRONDELLE;PRIVE LUCRATIF;27;6;1529
CLINIQUE CLAUDE BERNARD;2a;ERMONT;95124;9 AV LOUIS ARMAND;PRIVE LUCRATIF;30;6;1518
CH WILLIAM MOREY CHALON SUR SAONE;2b;CHALON SUR SAONE;71321;4 R CAPITAINE DRILLIEN;PUBLIC;36;5;1512
CH DOUAI DECHY;2a;DECHY;59187;RTE DE CAMBRAI;PUBLIC;28;4;1501
CH AUXERRE;2b;AUXERRE;89011;2 BD DE VERDUN;PUBLIC;31;5;1484
CH SUD SEINE ET MARNE FONTAINEBLEAU;2b;FONTAINEBLEAU;77305;55 BD DU MARECHAL JOFFRE;PUBLIC;20;4;1477
CLINIQUE DU TERTRE ROUGE;2b;LE MANS;72100;62 R DE GUETTELOUP;PRIVE LUCRATIF;31;11;1472
GHRE - SITE SAINT MALO BROUSSAIS;2a;SAINT MALO;35403;1 R DE LA MARNE;PUBLIC;26;6;1470
CH CHICN COMPIÈGNE;2b;COMPIEGNE;60321;8 AV HENRI ADNOT;PUBLIC;24;4;1465
HOPITAL PRIVE LA CHATAIGNERAIE;2a;BEAUMONT;63110;59 R DE LA CHATAIGNERAIE;PRIVE LUCRATIF;34;6;1461
HOPITAUX DROME NORD - ROMANS-SUR-ISERE;2a;ROMANS SUR ISERE;26102;607 AV GENEVIEVE DE GAULLE;PUBLIC;25;4;1438
HOPITAUX DU LEMAN;2a;THONON LES BAINS;74203;3 AV DE LA DAME;PUBLIC;26;4;1437
CH AGEN NERAC - HOPITAL SAINT-ESPRIT;2b;AGEN;47923;21 RTE DE VILLENEUVE;PUBLIC;31;5;1434
CH CARCASSONNE;2a;CARCASSONNE;11010;1060 CHE DE LA MADELEINE;PUBLIC;30;5;1431
CL AMBROISE PARE TOULOUSE;2b;TOULOUSE;31082;387 RTE DE SAINT SIMON;PRIVE LUCRATIF;44;8;1409
CLINIQUE BOUCHARD;2a;MARSEILLE 6E ARRONDISSEMENT;13006;77 R DU DOCTEUR ESCAT;PRIVE LUCRATIF;25;5;1404
CLINIQUE BELLEDONNE;2a;SAINT MARTIN D HERES;38400;83 AV GABRIEL PERI;PRIVE LUCRATIF;26;5;1402
CENTRE HOSPITALIER DE PERIGUEUX;2b;PERIGUEUX;24019;80 AV GEORGES POMPIDOU;PUBLIC;36;6;1398
CH - SAINT-LO;2a;SAINT LO;50009;715 R DUNANT;PUBLIC;16;4;1390
HOPITAL PRIVÉ LE BOIS;2a;LILLE;59000;44 R MARX DORMOY;PRIVE LUCRATIF;59;5;1385
CH BEZIERS;2b;BEZIERS;34525;2 R VALENTIN HAUY;PUBLIC;26;3;1378
CH DE ROANNE;2b;ROANNE;42328;28 R DE CHARLIEU;PUBLIC;25;5;1378
GROUPE HOSPIT. MUTUALISTE DE GRENOBLE;1;GRENOBLE;38028;8 R DOCTEUR CALMETTE;PRIVE NON LUCRATIF;21;6;1374
CENTRE HOSPITALIER DE TOURCOING;2a;TOURCOING;59208;155 R DU PRESIDENT COTY;PUBLIC;27;5;1371
CLINIQUE STE-CLOTILDE;2a;SAINT DENIS;97492;127 RTE DU BOIS DE NEFLES;PRIVE LUCRATIF;30;5;1370
GHER (SAINT-BENOIT);2a;SAINT BENOIT;97470;30 RTE RN 3;PUBLIC;25;5;1339
CH D ARPAJON;2a;ARPAJON;91294;18 AV DE VERDUN;PUBLIC;27;3;1328
POLYCLINIQUE DU PARC;2a;CAEN;14052;20 AV GEORGES GUYNEMER;PRIVE LUCRATIF;22;5;1318
POLYCLINIQUE GRAND SUD NIMES;2a;NIMES;30932;350 AV ST ANDRE DE CODOLS;PRIVE LUCRATIF;40;5;1316
HOPITAL DE VOIRON - CHU38;2a;VOIRON;38500;34 AV JACQUES CHIRAC;PUBLIC;25;4;1316
CH BLOIS SIMONE VEIL;2b;BLOIS;41016;MAIL PIERRE CHARLOT;PUBLIC;25;4;1300
CHI E.DURKHEIM - PLATEAU DE LA JUSTICE;2b;EPINAL;88021;2 AV ROBERT SCHUMAN;PUBLIC;20;3;1290
POLYCLINIQUE BORDEAUX RIVE DROITE;1;LORMONT;33310;24 R DES CAVAILLES;PRIVE LUCRATIF;30;6;1290
HOPITAL PRIVE DE VILLENEUVE D'ASCQ;1;VILLENEUVE D ASCQ;59650;20 AV DE LA RECONNAISSANCE;PRIVE LUCRATIF;37;6;1287
HOPITAL PRIVE DE LA LOIRE;2a;SAINT ETIENNE;42100;39 BD DE LA PALLE;PRIVE LUCRATIF;21;5;1284
CENTRE HOSPITALIER DE BASTIA;2b;BASTIA;20604;;PUBLIC;24;3;1280
CENTRE HOSPITALIER D'ANGOULEME;2b;ANGOULEME;16000;RPT DE GIRAC;PUBLIC;25;5;1275
CH LUCIEN HUSSEL DE VIENNE;2a;VIENNE;38200;MTE DU DOCTEUR CHAPUIS;PUBLIC;24;4;1274
CENTRE HOSPITALIER DUBOIS BRIVE;2a;BRIVE LA GAILLARDE;19312;3 BD DOCTEUR VERLHAC;PUBLIC;25;5;1222
CLINIQUE BELHARRA;1;BAYONNE;64100;2 ALL DU DOCTEUR LAFON;PRIVE LUCRATIF;23;6;1216
CH DE CANNES SIMONE VEIL;2a;CANNES;06414;15 AV DES BROUSSAILLES;PUBLIC;20;4;1206
POLYCL CHAMPEAU BEZIERS;1;BEZIERS;34535;32 AV ENSEIGNE ALBERTINI;PRIVE LUCRATIF;32;4;1202
CENTRE HOSPITALIER DE HAGUENAU;2b;HAGUENAU;67504;64 AV DU PROFESSEUR RENE LERICHE;PUBLIC;25;5;1201
CH AGGLOMERATION MONTARGOISE;2b;AMILLY;45200;658 R DES BOURGOINS;PUBLIC;23;3;1197
CENTRE HOSPITALIER DE LISIEUX;2b;LISIEUX;14107;4 R ROGER AINI;PUBLIC;25;4;1182
CH DE SAINTONGE - SAINTES;2b;SAINTES;17108;11 BD AMBROISE PARE;PUBLIC;23;4;1176
CH DE RODEZ HOPITAL JACQUES PUEL;2b;RODEZ;12027;AV DE L'HOPITAL;PUBLIC;29;3;1160
CH LES CHANAUX MACON;2b;MACON;71000;350 BD LOUIS ESCANDE;PUBLIC;32;4;1159
CH ALBI;2a;ALBI;81013;22 BD SIBILLE;PUBLIC;24;4;1149
CH DREUX;2a;DREUX;28102;44 AV PRESIDENT JOHN-FIT- KENNEDY;PUBLIC;22;4;1146
CLINIQUE GENERALE D'ANNECY;1;ANNECY;74000;4 CHE DE LA TOUR LA REINE;PRIVE LUCRATIF;20;4;1146
CENTRE HOSPITALIER DE LAVAL;2b;LAVAL;53015;33 R DU HAUT ROCHER;PUBLIC;20;5;1142
CH PIERRE OUDOT BOURGOIN JALLIEU;1;BOURGOIN JALLIEU;38302;30 AV DU MÉDIPÔLE;PUBLIC;31;1;1135
CHI DE FREJUS SAINT RAPHAEL;2a;FREJUS;83608;240 AV DE SAINT LAMBERT;PUBLIC;18;3;1123
HOPITAL NOVO SITE BEAUMONT SUR OISE;2a;BEAUMONT SUR OISE;95260;25 R EDMOND TURCQ;PUBLIC;20;3;1111
CLINIQUE DIACONAT FONDERIE;2a;MULHOUSE;68054;1 R SAINT-SAUVEUR;PRIVE NON LUCRATIF;38;5;1110
CLINIQUE BRETECHE VIAUD;1;NANTES;44046;3 R BERAUDIERE;PRIVE LUCRATIF;23;5;1108
HOPITAL-CLINIQUE CLAUDE BERNARD;1;METZ;57072;97 R CLAUDE BERNARD;PRIVE LUCRATIF;18;4;1104
HOPITAL PRIVE TOULON HYERES SAINT JEAN;1;TOULON;83000;1 AV GEORGES BIZET;PRIVE LUCRATIF;27;4;1101
CH DE FIRMINY;1;FIRMINY;42700;2 R ROBERT PLOTON;PUBLIC;28;4;1098
CH SENS;2a;SENS;89108;1 AV PIERRE DE COUBERTIN;PUBLIC;26;4;1096
HOPITAL DU PAYS SALONAIS;2a;SALON DE PROVENCE;13658;207 AV JULIEN FABRE;PUBLIC;22;3;1093
CH DE MAUBEUGE MCO;2b;MAUBEUGE;59607;R SIMONE VEIL;PUBLIC;18;4;1074
CHIC CASTRES MAZAMET SITE AUTAN;2b;CASTRES;81108;6 AV DE LA MONTAGNE NOIRE;PUBLIC;25;4;1060
CH CHATEAUROUX;2a;CHATEAUROUX;36019;216 AV DE VERDUN;PUBLIC;24;5;1047
CLINIQUE ST VINCENT DE PAUL MATERNITE;2a;BOURGOIN JALLIEU;38300;70 AV DU MEDIPOLE;PRIVE NON LUCRATIF;33;5;1046
CHI HC SITE RIVES DU DOUBS PONTARLIER;2a;PONTARLIER;25304;2 FG SAINT ETIENNE;PUBLIC;22;4;1038
CH BOURGES - JACQUES COEUR;2b;BOURGES;18020;145 AV F MITTERAND;PUBLIC;26;4;1037
CH ANNECY-GENEVOIS SITE ST JULIEN EN G;1;SAINT JULIEN EN GENEVOIS;74164;1 R AMEDEE VIII DE SAVOIE;PUBLIC;18;4;1034
HOPITAL PRIVE DIJON BOURGOGNE;2b;DIJON;21000;22 AV FRANÇOISE GIROUD;PRIVE LUCRATIF;25;5;1033
CH MONTAUBAN;2a;MONTAUBAN;82013;100 R LEON CLADEL;PUBLIC;21;3;1023
POLYCLINIQUE SAINT CÔME;1;COMPIEGNE;60204;7 R JEAN-JACQUES BERNARD;PRIVE LUCRATIF;23;4;1022
CH ALES CEVENNES;2a;ALES;30103;811 AV DR JEAN GOUBERT;PUBLIC;22;3;1018
CENTRE HOSPITALIER ROCHEFORT;2a;ROCHEFORT;17301;1 AV BELIGON;PUBLIC;18;3;1013
HOPITAL PIERRE BEREGOVOY;2b;NEVERS;58033;1 AV PATRICK GUILLOT;PUBLIC;19;4;1013
CENTRE HOSPITALIER GENERAL D'AUBAGNE;1;AUBAGNE;13400;179 AV DES SOEURS GASTINE;PUBLIC;19;3;1012
CHI MONT DE MARSAN ET PAYS DES SOURCES;2b;MONT DE MARSAN;40024;AV PIERRE DE COUBERTIN;PUBLIC;18;4;1012
CENTRE HOSPITALIER DE CARPENTRAS;1;CARPENTRAS;84208;RPT DE L'AMITIE;PUBLIC;21;4;1010
CH DOURDAN ETAMPES SITE ETAMPES;2a;ETAMPES;91152;26 AV CHARLES DE GAULLE;PUBLIC;24;3;1008
CH BOULOGNE-SUR-MER;2b;BOULOGNE SUR MER;62321;R JACQUES MONOD;PUBLIC;25;4;1006
POLYCLINIQUE PAU PYRENEES SITE NAVARRE;1;PAU;64075;8 BD HAUTERIVE;PRIVE LUCRATIF;20;4;1006
CH DE NANTERRE;1;NANTERRE;92014;403 AV DE LA REPUBLIQUE;PUBLIC;24;4;1001
HOPITAUX DU MONT BLANC SITE SALLANCHES;2a;SALLANCHES;74700;380 R DE L'HOPITAL;PUBLIC;22;4;1000
HOPITAL PRIVE NORD PARISIEN;2a;SARCELLES;95200;3 BD DE LATTRE DE TASSIGNY;PRIVE LUCRATIF;28;3;984
CH REGION DE ST OMER;2a;HELFAUT;62505;RTE DE BLENDECQUES;PUBLIC;25;4;979
CH ARMENTIERES;2a;ARMENTIERES;59421;112 R SADI CARNOT;PUBLIC;23;3;971
HOPITAL LES PORTES DU SUD;1;VENISSIEUX;69200;2 AV DU 11 NOVEMBRE 1918;PRIVE NON LUCRATIF;30;5;965
CLINIQUE DE L ESTREE;2a;STAINS;93245;35 R D AMIENS;PRIVE LUCRATIF;31;5;962
CH EMILE ROUX LE PUY;2a;LE PUY EN VELAY;43012;12 BD DU DR CHANTEMESSE;PUBLIC;21;3;960
CLINIQUE STE THERESE;2a;PARIS 17E ARRONDISSEMENT;75017;9 R GUSTAVE DORE;PRIVE LUCRATIF;26;5;957
CENTRE HOSPITALIER D'ARCACHON;2a;LA TESTE DE BUCH;33164;AV JEAN HAMEAU;PUBLIC;18;3;956
CH D'ANTIBES JUAN LES PINS;2a;ANTIBES;06606;107 AV DE NICE;PUBLIC;16;3;955
HOPITAUX DU SUD MANCHE;2b;AVRANCHES;50303;59 R DE LA LIBERTE;PUBLIC;24;4;952
CH DE SAINTE FOY LES LYON;1;SAINTE FOY LES LYON;69110;78 CHE DE MONTRAY;PUBLIC;23;4;948
HOPITAL PRIVE DE VITRY SITE PASTEUR;2a;VITRY SUR SEINE;94400;22 R DE LA PETITE SAUSSAIE;PRIVE LUCRATIF;28;5;942
CH DE SAUMUR;2a;SAUMUR;49403;RTE DE FONTEVRAUD;PUBLIC;18;4;940
CENTRE HOSPITALIER GENERAL LA CIOTAT;1;LA CIOTAT;13708;BD LAMARTINE;PUBLIC;20;3;930
CH LA DRACENIE DE DRAGUIGNAN;2a;DRAGUIGNAN;83007;RTE DE MONTFERRAT;PUBLIC;21;3;921
CH JACQUES LACARIN VICHY;2a;VICHY;03201;BD DENIERE;PUBLIC;18;3;921
CH DE MONTLUCON;2b;MONTLUCON;03109;18 AV DU 8 MAI 1945;PUBLIC;24;3;916
POLYCLINIQUE DE LA  CLARENCE;1;DIVION;62460;R DU DOCTEUR LEGAY;PRIVE NON LUCRATIF;24;3;913
GH HAUTE SAONE SITE VESOUL;2a;VESOUL;70014;2 R RENE HEYMES;PUBLIC;15;4;912
CH GENEVIEVE DE GAULLE ANTHONIOZ;2b;SAINT DIZIER;52115;1 R ALBERT SCHWEITZER;PUBLIC;24;4;911
CH TARBES LOURDES GESPE SITE TARBES;2b;TARBES;65013;BD DE LATTRE DE TASSIGNY;PUBLIC;19;3;908
CHI DES ALPES DU SUD SITE DE GAP;2a;GAP;05007;1 PL AUGUSTE MURET;PUBLIC;16;4;906
CH BETHUNE;2a;BETHUNE;62408;27 R DELBECQUE;PUBLIC;21;3;906
CH LONS;2b;LONS LE SAUNIER;39016;55 R DR JEAN MICHEL;PUBLIC;16;5;904
CLINIQUE EMAILLEURS-COLOMBIER LIMOGES;1;LIMOGES;87038;1 R VICTOR SCHOELCHER;PRIVE LUCRATIF;26;4;901
CH ND LA MISERICORDE;2b;AJACCIO;20090;1180 RTE DE MADUNUCCIA -;PUBLIC;20;3;897
POLYCLINIQUE JEAN VILLAR;1;BRUGES;33523;56 AV MARYSE BASTIE;PRIVE LUCRATIF;25;4;890
CH DIEPPE;2a;DIEPPE;76202;AV PASTEUR;PUBLIC;18;4;889
CH MONTGELAS;1;GIVORS;69700;9 AV PROFESSEUR FLEMING;PUBLIC;14;3;884
HOPITAL AMERICAIN;1;NEUILLY SUR SEINE;92202;63 BD VICTOR HUGO;PRIVE NON LUCRATIF;15;5;877
CENTRE CLINICAL SA;1;SOYAUX;16800;2 CHE DE FREGENEUIL;PRIVE LUCRATIF;20;6;873
HÔPITAL PRIVÉ OCÉANE;2a;VANNES;56000;11 R DU DR JOSEPH AUDIC;PRIVE LUCRATIF;20;4;873
CH DENAIN;1;DENAIN;59723;25B R J JAURES;PUBLIC;21;4;870
HOPITAL PRIVÉ DES COTES D'ARMOR;2a;PLERIN;22190;10 Rue FRANCOIS JACOB;PRIVE LUCRATIF;26;5;867
CH SOISSONS;2b;SOISSONS;02209;46 AV DU GÉNÉRAL DE GAULLE;PUBLIC;18;3;864
CLINIQUE LES EAUX CLAIRES;1;BAIE MAHAULT;97122;;PRIVE LUCRATIF;22;3;860
CH DE MOULINS;2a;MOULINS;03006;10 AV DU GENERAL DE GAULLE;PUBLIC;20;4;856
CLINIQUE SAINT AME;1;LAMBRES LEZ DOUAI;59552;R CLEMENCEAU;PRIVE LUCRATIF;25;4;847
CH D'ALBERTVILLE;2a;ALBERTVILLE;73208;253 R PIERRE DE COUBERTIN;PUBLIC;24;3;843
CH HAUT ANJOU SITE CHATEAU GONTIER;1;CHATEAU GONTIER SUR MAYENNE;53204;1 QU G LEFEVRE;PUBLIC;23;4;831
CH HAZEBROUCK;1;HAZEBROUCK;59524;1 R DE L'HOPITAL;PUBLIC;17;3;828
HOPITAL PRIVE DE PARLY II;2a;LE CHESNAY ROCQUENCOURT;78150;21 R MOXOURIS;PRIVE LUCRATIF;24;4;827
CLINIQUE LES ORCHIDEES;2a;LE PORT;97420;30 AV LENINE;PRIVE LUCRATIF;18;4;824
CH ABBEVILLE;2a;ABBEVILLE;80142;43 R DE L'ISLE;PUBLIC;25;3;824
CHIVA SITE ST JEAN DE VERGES;2a;SAINT JEAN DE VERGES;09000;CHE DE BARRAU;PUBLIC;23;2;822
CH NARBONNE;2a;NARBONNE;11108;BD DOCTEUR LACROIX;PUBLIC;18;4;814
CLINIQUE DE LA MUETTE;1;PARIS 16E ARRONDISSEMENT;75116;46 R NICOLO;PRIVE LUCRATIF;24;4;812
CH MARIE-MADELEINE DE FORBACH;2b;FORBACH;57604;2 R THERESE;PUBLIC;18;4;812
CLINIQUE DE VITROLLES;1;VITROLLES;13741;R BEL AIR LA TUILIERE II;PRIVE LUCRATIF;27;5;811
CENTRE HOSPITALIER DAX;2a;DAX;40107;51 BD YVES DU MANOIR;PUBLIC;17;3;799
CH DE HYERES MARIE JOSEE TREFFOT;1;HYERES;83407;AV MARECHAL JUIN;PUBLIC;20;3;779
POLYCLINIQUE DE FRANCHE COMTE;1;BESANCON;25052;4 R AUGUSTE RODIN;PRIVE LUCRATIF;24;6;776
CLINIQUE CONTI;1;L'ISLE ADAM;95290;3 CHE DES TROIS SOURCES;PRIVE LUCRATIF;19;4;776
CLINIQUE RHENA GCS ES;1;STRASBOURG;67016;10 R FRANCOIS EPAILLY;PRIVE LUCRATIF;24;7;765
HOPITAL PRIVE FRANCISCAINES;2a;VERSAILLES;78000;7B Rue PORTE DE BUC;PRIVE LUCRATIF;17;6;757
HOPITAL PRIVE CLAUDE GALIEN;2a;QUINCY SOUS SENART;91480;20 RTE DE BOUSSY SAINT ANTOINE;PRIVE LUCRATIF;21;4;756
CH AUCH EN GASCOGNE;2a;AUCH;32008;ALL MARIE CLARAC;PUBLIC;20;5;751
CH LOUIS GIORGI D'ORANGE;1;ORANGE;84106;AV DE LAVOISIER;PUBLIC;25;3;743
CHU DE POITIERS - SITE CHATELLERAULT;1;CHATELLERAULT;86106;1 R DU DOCTEUR LUC MONTAGNIER;PUBLIC;15;4;742
CLINIQUE SAINT PAUL;1;FORT DE FRANCE;97200;4 R DES HIBISCUS;PRIVE LUCRATIF;17;3;741
CLINIQUE DURIEUX;1;LE TAMPON;97430;100 R DE FRANCE;PRIVE LUCRATIF;19;3;740
CHICAM - SITE ALENCON;2a;ALENCON;61014;25 R DE FRESNAY;PUBLIC;19;4;736
CH JACQUES MONOD - FLERS;2a;FLERS;61104;R EUGÈNE GARNIER;PUBLIC;15;3;729
CH LOUIS PASTEUR DOLE;2a;DOLE;39108;AV LEON JOUHAUX;PUBLIC;16;4;728
CLINIQUE DE L YVETTE;1;LONGJUMEAU;91160;67 RTE DE CORBEIL;PRIVE LUCRATIF;17;4;728
CLINIQUE DES CEDRES;1;ECHIROLLES;38130;21 R ALBERT LONDRES;PRIVE LUCRATIF;31;8;726
CENTRE HOSPITALIER LEON BOURGEOIS;2a;CHALONS EN CHAMPAGNE;51005;51 R DU COMMANDANT DERRIEN;PUBLIC;12;3;721
CH DE COULOMMIERS;2a;COULOMMIERS;77527;4 R GABRIEL PERI;PUBLIC;15;2;720
CLINIQUE SAINT NABOR DE SAINT AVOLD;1;SAINT AVOLD;57504;75 R DES GENERAUX ALTMAYER;PRIVE LUCRATIF;28;4;718
CH VERDUN/ST MIHIEL-HOP ST NICOLAS;2a;VERDUN;55107;2 R D'ANTHOUARD;PUBLIC;18;3;713
HOPITAL PRIVE PAYS DE SAVOIE;1;ANNEMASSE;74100;19 AV PIERRE MENDES FRANCE;PRIVE LUCRATIF;20;4;713
CLINIQUE DU FIEF DE GRIMOIRE;2a;POITIERS;86000;38 R DU FIEF DE GRIMOIRE;PRIVE LUCRATIF;52;4;712
MATERNITE DES LILAS;1;LES LILAS;93260;12 R DU COQ FRANCAIS;PRIVE NON LUCRATIF;30;0;708
CHI DE MEULAN LES MUREAUX;1;MEULAN EN YVELINES;78250;1 R DU FORT;PUBLIC;15;3;693
CH LAON;2a;LAON;02001;33 R MARCELIN BERTHELOT;PUBLIC;18;3;689
CH ARRONDISSEMENT DE MONTREUIL;2a;RANG DU FLIERS;62180;140 CHE DEPARTEMENTAL 191;PUBLIC;23;3;688
CHCB SITE KERIO;2a;NOYAL PONTIVY;56920;KERIO;PUBLIC;15;5;684
HOPITAL PRIVE DE L OUEST PARISIEN;2a;TRAPPES;78190;14 AV CASTIGLIONE DEL LAGO;PRIVE LUCRATIF;19;4;682
CH HENRI MONDOR;2a;AURILLAC;15002;50 AV DE LA REPUBLIQUE;PUBLIC;18;2;673
CHI SITE DE PERTUIS;1;PERTUIS;84123;58 R DE CROZE;PUBLIC;14;3;672
CENTRE HOSPITALIER DE SELESTAT;1;SELESTAT;67606;23 AV LOUIS PASTEUR;PUBLIC;23;3;664
C.H FOUGERES;2a;FOUGERES;35305;133 R DE LA FORET;PUBLIC;14;4;659
CH DU FOREZ SITE DE MONTBRISON;1;MONTBRISON;42605;AV DES MONTS DU SOIR;PUBLIC;15;4;658
CH JOSEPH IMBERT D'ARLES;1;ARLES;13637;QUA FOURCHON;PUBLIC;20;3;657
CL CROIX ST MICHEL DR BOYE MONTAUBAN;1;MONTAUBAN;82000;40 AV CHARLES DE GAULLE;PRIVE LUCRATIF;15;4;655
CH LAVAUR SITE GUIRAUD;1;LAVAUR;81500;1 PL VIALAS;PUBLIC;17;2;651
CH ARDECHE NORD;2a;ANNONAY;07103;R DU BON PASTEUR;PUBLIC;17;3;646
CH LOUIS PASTEUR BAGNOLS SUR CEZE;2a;BAGNOLS SUR CEZE;30205;AV ALPHONSE DAUDET;PUBLIC;27;3;646
CENTRE MCO COTE D'OPALE;1;SAINT MARTIN BOULOGNE;62280;RTE DE DESVRES;PRIVE LUCRATIF;29;4;646
POLYCLINIQUE DU BEAUJOLAIS;1;ARNAS;69400;120 ART DE BEAUJEU;PRIVE LUCRATIF;20;3;645
HOPITAL PRIVE DE L'ESTUAIRE;1;LE HAVRE;76620;505 R IRENE JOLIOT-CURIE;PRIVE LUCRATIF;19;4;638
CENTRE HOSPITALIER INTERCOM DE KOUROU;2a;KOUROU;97387;AV LEOPOLD HEDER;PUBLIC;16;3;633
POLYCLINIQUE SAINT JEAN;1;CAGNES SUR MER;06800;92 AV DU DOCTEUR MAURICE DONAT;PRIVE LUCRATIF;28;6;627
CH DEZARNAULDS - GIEN;1;GIEN;45503;2 AV JEAN VILLEJEAN;PUBLIC;20;2;627
CH SAINTE-CATHERINE DE SAVERNE;2a;SAVERNE;67703;19 COTE DE SAVERNE;PUBLIC;16;2;624
SITE HOSPITALIER FAYE L'ABBESSE;2a;FAYE L ABBESSE;79350;4 R DU DOCTEUR MICHEL BINET;PUBLIC;16;3;624
CH JEAN ROUGIER CAHORS;2a;CAHORS;46005;52 PL ANTONIN BERGON;PUBLIC;18;3;617
CLINIQUE GASTON METIVET;1;SAINT MAUR DES FOSSES;94100;48 R ALSACE LORRAINE;PRIVE LUCRATIF;19;2;616
CENTRE HOSPITALIER VITRE;2a;VITRE;35506;30 RTE DE RENNES;PUBLIC;16;2;615
POLYCL L'ORMEAU SITE CENTRE TARBES;1;TARBES;65000;12B CHE DE L'ORMEAU;PRIVE LUCRATIF;20;3;609
HOSPICES CIVILS DE BEAUNE;2a;BEAUNE;21203;AV GUIGONE DE SALINS;PUBLIC;21;2;608
CENTRE HOSPITALIER DE MARMANDE - CHIC;1;MARMANDE;47207;76 R DOCTEUR COURRET;PUBLIC;16;4;604
CH VERNON CH EURE-SEINE;1;VERNON;27207;5 R DOCTEUR BURNET;PUBLIC;12;4;603
CL DE L'UNION SAINT JEAN;2a;SAINT JEAN;31240;BD DE RATALENS;PRIVE LUCRATIF;21;4;600
CMCO D EVRY;1;EVRY COURCOURONNES;91035;2 AV DE MOUSSEAU;PRIVE LUCRATIF;17;3;599
CH SUD GIRONDE - SITE LANGON;1;LANGON;33212;R PAUL LANGEVIN;PUBLIC;15;3;593
CHI DE MANOSQUE LOUIS RAFFALLI;1;MANOSQUE;04101;R AUGUSTE GIRARD;PUBLIC;19;2;593
HOPITAUX DU GRAND COGNAC;1;COGNAC;16112;65 AV D ANGOULEME;PUBLIC;15;3;588
CH ARDECHE MERIDIONALE - AUBENAS;2a;AUBENAS;07205;14 AV DE BELLANDE;PUBLIC;15;3;584
C.H DE BERGERAC;1;BERGERAC;24108;9 AV ALBERT CALMETTE;PUBLIC;15;3;582
POLYCLINIQUE BLOIS;1;LA CHAUSSEE SAINT VICTOR;41260;1 RUE ROBERT DEBRE;PRIVE LUCRATIF;20;5;571
CENTRE HOSPITALIER DE LA BASSE -TERRE;3;BASSE TERRE;97100;AV GASTON FEUILLARD;PUBLIC;15;3;561
CH DU GIER - MCO;1;SAINT CHAMOND;42403;19 R VICTOR HUGO;PUBLIC;19;3;560
CENTRE HOSPITALIER COEUR DE CORREZE;1;TULLE;19012;3 PL DOCTEUR MASCHAT;PUBLIC;13;3;559
HOTEL DIEU DU CREUSOT;1;LE CREUSOT;71206;175 R MARECHAL FOCH;PRIVE NON LUCRATIF;15;3;559
CH VILLENEUVE -POLE SANTE VILLENEUVOIS;1;VILLENEUVE SUR LOT;47305;;PUBLIC;25;4;559
CH LVO - SITE DE CHALLANS;1;CHALLANS;85302;BD GUERIN;PUBLIC;16;3;558
ORELIANCE - LONGUES ALLEES;2a;SARAN;45770;553 AV JACQUELINE AURIOL;PRIVE LUCRATIF;21;4;554
CH JEAN MARCEL DE BRIGNOLES;1;BRIGNOLES;83175;BD JOSEPH MONNIER;PUBLIC;15;2;554
C.H. DES PAYS DE MORLAIX;2a;MORLAIX;29672;15 R KERSAINT GILLY;PUBLIC;15;3;550
CH CAMBRAI;1;CAMBRAI;59407;516 AV DE PARIS;PUBLIC;18;3;550
CH DU CHINONAIS;1;SAINT BENOIT LA FORET;37500;28 RTE DEPARTEMENTALE 751;PUBLIC;12;3;538
CENTRE HOSPITALIER D'ARGENTAN;1;ARGENTAN;61202;47 R ARISTIDE BRIAND;PUBLIC;15;3;536
CENTRE HOSPITALIER D'EPERNAY;1;EPERNAY;51205;137 R DE L HOPITAL;PUBLIC;19;3;534
CH CHÂTEAU-THIERRY;2a;CHATEAU THIERRY;02400;RTE DE VERDILLY;PUBLIC;15;3;530
CH CNP SITE CHATEAUBRIANT;2a;CHATEAUBRIANT;44146;9 R DE VERDUN;PUBLIC;15;4;527
HOPITAL PRIVE GUILLAUME DE VARYE;1;SAINT DOULCHARD;18230;210 RTE DE VOUZERON;PRIVE LUCRATIF;18;3;521
CENTRE HOSPITALIER LANNION;1;LANNION;22303;KERGOMAR;PUBLIC;13;2;518
CH DE BRIEY - HOPITAL MAILLOT;1;VAL DE BRIEY;54151;31 AV ALBERT DE BRIEY;PUBLIC;16;0;518
CH DU NORD MAYENNE;1;MAYENNE;53103;229 BD PAUL LINTIER;PUBLIC;15;2;511
CH LILLEBONNE CHI CAUX VALLEE DE SEINE;1;LILLEBONNE;76170;19 AV DU PRESIDENT RENE COTY;PUBLIC;18;4;511
CH PAUL ARDIER ISSOIRE;1;ISSOIRE;63503;13 R DU DR SAUVAT;PUBLIC;14;3;505
CLINIQUE DE L ESSONNE;1;EVRY COURCOURONNES;91024;BD DES CHAMPS ELYSEES;PRIVE LUCRATIF;20;3;505
CHI HMV - SITE SAINT DIE DES VOSGES;1;SAINT DIE DES VOSGES;88100;26 R DU NOUVEL HOPITAL;PUBLIC;14;3;503
HOPITAL PRIVE D'AMBERIEU;1;AMBERIEU EN BUGEY;01506;EN PRAGNAT NORD;PRIVE LUCRATIF;15;3;502
CH ERDRE ET LOIRE;1;ANCENIS SAINT GEREON;44156;160 R DU VERGER;PUBLIC;15;2;502
CH FOURMIES;1;FOURMIES;59611;R DE L HOPITAL;PUBLIC;14;4;501
CENTRE HOSPITALIER DE PLOERMEL;1;PLOERMEL;56800;7 Rue DU ROI ARTHUR;PUBLIC;16;3;498
CENTRE HOSPITALIER COTE DE LUMIÈRE;1;LES SABLES D OLONNE;85340;4 R JACQUES MONOD;PUBLIC;15;3;495
CH SUD SEINE ET MARNE SITE MONTEREAU;1;MONTEREAU FAULT YONNE;77875;1B R VICTOR HUGO;PUBLIC;15;2;492
CH DE PROVINS LEON BINET;1;PROVINS;77488;RTE DE CHALAUTRE;PUBLIC;14;2;487
GCS GHICL CLINIQUE STE MARIE;2a;CAMBRAI;59400;22 R WATTEAU;PRIVE LUCRATIF;22;3;484
CH DU PAYS CHAROLAIS BRIONNAIS;1;PARAY LE MONIAL;71604;BD DES CHARMES;PUBLIC;15;2;479
CENTRE HOSPITALIER SAINT CHARLES TOUL;1;TOUL;54201;1 CRS RAYMOND POINCARE;PUBLIC;15;2;478
CH DU HAUT BUGEY - GEOVREISSET;1;OYONNAX;01108;1 RTE DE VEYZIAT;PUBLIC;17;3;470
POLYCL STE THERESE SETE;1;SETE;34200;6 QU DU MAS COULET;PRIVE LUCRATIF;25;2;469
CHI DE CAVAILLON LAURIS;1;CAVAILLON;84304;119 AV GEORGES CLEMENCEAU;PUBLIC;10;3;454
CENTRE HOSPITALIER DE REMIREMONT;1;REMIREMONT;88204;1 R GEORGES LANG;PUBLIC;15;3;451
C.H. LOUIS CONSTANT FLEMING;2b;ST MARTIN;97150;SPRING CONCORDIA;PUBLIC;17;2;450
HOPITAL ALBERT SCHWEITZER;1;COLMAR;68003;201 AV D'ALSACE;PRIVE NON LUCRATIF;17;3;450
HOPITAL ST CLAIR SETE HBT;2a;SETE;34207;BD CAMILLE BLANC;PUBLIC;17;3;439
CH FONTENAY SITE POLE SANTE SUD VENDEE;1;FONTENAY LE COMTE;85201;11 R DOCTEUR RENÉ LAFORGE;PUBLIC;19;2;429
CENTRE HOSPITALIER DE CHAUMONT;2a;CHAUMONT;52014;2 R JEANNE D'ARC;PUBLIC;17;4;419
CENTRE HOSPITALIER GUERET;2a;GUERET;23011;39 AV DE LA SENATORERIE;PUBLIC;17;2;416
CH CHAUNY;1;CHAUNY;02303;94 R DES ANCIENS COMBATTANTS AFN;PUBLIC;16;3;413
CH GISORS;1;GISORS;27140;RTE DE ROUEN;PUBLIC;11;2;400
MATERNITE CENTRE HOSPITALIER VENDOME;1;VENDOME;41100;10B R HONORE DE BALZAC;PUBLIC;15;3;399
CENTRE HOSPITALIER DE SAINT TROPEZ;1;GASSIN;83580;RPT GAL DIEGO BROSSET RD559;PUBLIC;15;2;395
CHIRC SITE REDON;1;REDON;35603;8 AV ETIENNE GASCON;PUBLIC;15;3;394
CH ROMORANTIN-LANTHENAY;1;ROMORANTIN LANTHENAY;41206;96 R DES CAPUCINS;PUBLIC;13;2;390
CLINIQUE SAINT CHARLES;1;LA ROCHE SUR YON;85016;11 BD RENE LEVESQUE;PRIVE LUCRATIF;15;3;388
CLINIQUE DE TOURNAN;1;TOURNAN EN BRIE;77220;2 R JULES LEFEBVRE;PRIVE LUCRATIF;22;4;386
CENTRE HOSPITALIER DE ROMILLY/SEINE;1;ROMILLY SUR SEINE;10105;AV PAUL V COUTURIER;PUBLIC;15;3;379
HOPITAL EUROPEEN DE PARIS-LA ROSERAIE;2a;AUBERVILLIERS;93308;59 R HENRI BARBUSSE;PRIVE LUCRATIF;24;4;378
CH FERDINAND GRALL LANDERNEAU;1;LANDERNEAU;29207;1 RTE DE PENCRAN;PUBLIC;14;4;378
CH DE VIERZON;1;VIERZON;18102;33 R LEO MERIGOT;PUBLIC;15;3;363
CH LE CATEAU;1;LE CATEAU CAMBRESIS;59360;28 BD PATURLE;PUBLIC;15;2;362
CH DE MT ST MARTIN (GROUPE SOS SANTE);1;MONT SAINT MARTIN;54350;4 R ALFRED LABBE.;PRIVE NON LUCRATIF;18;2;362
CENTRE HOSPITALIER DE SAINT-PALAIS;1;SAINT PALAIS;64120;AV FREDERIC DE SAINT-JAYME;PUBLIC;7;2;353
CENTRE HOSPITALIER - AUNAY-BAYEUX;1;BAYEUX;14400;13 RUE DE NESMOND;PUBLIC;15;3;350
CH COMMINGES PYRENEES SITE ST PLANCARD;1;SAINT GAUDENS;31806;AV SIMONE VEIL;PUBLIC;14;2;349
HOPITAL ROBERT PAX DE SARREGUEMINES;1;SARREGUEMINES;57211;2 R RENE FRANCOIS-JOLLY;PUBLIC;17;3;345
CENTRE HOSPITALIER ROBERT MORLEVAT;1;SEMUR EN AUXOIS;21140;3 AV PASTEUR;PUBLIC;12;2;344
CHI DU PAYS DES HAUTES FALAISES FECAMP;1;FECAMP;76400;100 AV PDT FRANCOIS MITTERRAND;PUBLIC;17;2;336
HOPITAL LOZERE SITE VALLEE DU LOT;2a;MENDE;48000;AV DU HUIT MAI 1945;PUBLIC;7;2;330
CH DE THIERS;1;THIERS;63307;RTE DE FAU;PUBLIC;16;2;328
CL D'OCCITANIE MURET;1;MURET;31605;20 AV BERNARD IV;PRIVE LUCRATIF;12;3;311
CENTRE HOSPITALIER DE LUNEVILLE;1;LUNEVILLE;54301;6 R GIRARDET;PUBLIC;13;2;311
CH BUGEY SUD;1;BELLEY;01300;700 AV DE NARVIK;PUBLIC;8;2;309
CH VILLEFRANCHE SITE CHARTREUSE;1;VILLEFRANCHE DE ROUERGUE;12200;AV CAYLET;PUBLIC;13;3;304
CENTRE HOSPITALIER DE L'AIGLE;1;L AIGLE;61305;10 R DU DOCTEUR FRINAULT;PUBLIC;12;3;302
HOPITAL PRIVE WALLERSTEIN;1;ARES;33740;14B BD JAVAL;PRIVE NON LUCRATIF;13;2;297
CENTRE HOSPITALIER DE DIGNE LES BAINS;1;DIGNE LES BAINS;04995;QUA SAINT CHRISTOPHE;PUBLIC;11;2;295
CENTRE HOSPITALIER SAINT JUNIEN;1;SAINT JUNIEN;87205;12 R CHATEAUBRIAND;PUBLIC;14;3;271
CH LES ESCARTONS A BRIANCON;1;BRIANCON;05105;24 AV ADRIEN DAURELLE;PUBLIC;9;2;270
CH DE LA HAUTE GIRONDE;1;BLAYE;33394;97 R DE L'HOPITAL;PUBLIC;11;2;267
CH MILLAU;1;MILLAU;12101;265 BD ACHILLE SOUQUES;PUBLIC;12;2;264
CHI L'OUEST VOSGIEN SITE NEUFCHATEAU;1;NEUFCHATEAU;88307;1280 AV DE LA DIVISION LECLERC;PUBLIC;10;2;260
CH SAINT-NICOLAS DE SARREBOURG;1;SARREBOURG;57402;25 AV DU GENERAL DE GAULLE;PUBLIC;12;2;256
CLINIQUE MUTUALISTE DU MEDOC;1;LESPARRE MEDOC;33340;64 R ARISTIDE BRIAND;PRIVE NON LUCRATIF;9;2;253
CH INTERCOMMUNAL DE LA LAUTER;1;WISSEMBOURG;67166;24 RTE DE WEILER;PUBLIC;10;2;244
CH SAINT AMAND-MONTROND;1;SAINT AMAND MONTROND;18200;44 AV JEAN JAURES;PUBLIC;15;2;236
CLINIQUE DU SUD DE LA CORSE;1;PORTO VECCHIO;20538;R DU DOCTEUR JOURDAN;PRIVE LUCRATIF;8;2;224
CH DE SAINT-FLOUR;1;SAINT FLOUR;15102;AV DOCTEUR MALLET;PUBLIC;15;2;213
CHRU BREST SITE HOPITAL DE CARHAIX;1;CARHAIX PLOUGUER;29835;R DR MENGUY;PUBLIC;8;2;207
CH DE BOURG ST MAURICE;1;BOURG SAINT MAURICE;73704;139 AV DU NANTET;PUBLIC;12;2;182
CH ARIEGE COUSERANS SITE ST LIZIER;1;SAINT LIZIER;09190;QUA ROSES;PUBLIC;4;2;145
CH EMILE BOREL ST AFFRIQUE;1;SAINT AFFRIQUE;12402;88 AV DR LUCIEN GALTIER;PUBLIC;6;2;128
CENTRE HOSPITALIER D'USSEL;1;USSEL;19208;2 AV DU DOCTEUR ROULLET;PUBLIC;6;2;126
CH DE SAINT JEAN DE MAURIENNE;1;SAINT JEAN DE MAURIENNE;73302;179 R DU DOCTEUR GRANGE;PUBLIC;11;2;98
